{
  "0": {
    "precision": 0.7814976228209192,
    "recall": 0.7234549789106913,
    "f1-score": 0.7513570136177506,
    "support": 5453.0
  },
  "1": {
    "precision": 0.7425303056172102,
    "recall": 0.7976889214966985,
    "f1-score": 0.7691219382792466,
    "support": 5452.0
  },
  "accuracy": 0.7605685465382852,
  "macro avg": {
    "precision": 0.7620139642190646,
    "recall": 0.760571950203695,
    "f1-score": 0.7602394759484986,
    "support": 10905.0
  },
  "weighted avg": {
    "precision": 0.7620157508911053,
    "recall": 0.7605685465382852,
    "f1-score": 0.7602386614173358,
    "support": 10905.0
  }
}