{
  "0": {
    "precision": 0.7864019253910951,
    "recall": 0.7190537318907023,
    "f1-score": 0.7512213813583677,
    "support": 5453.0
  },
  "1": {
    "precision": 0.7411724953539449,
    "recall": 0.8046588407923698,
    "f1-score": 0.7716119954269633,
    "support": 5452.0
  },
  "accuracy": 0.761852361302155,
  "macro avg": {
    "precision": 0.7637872103725201,
    "recall": 0.7618562863415361,
    "f1-score": 0.7614166883926655,
    "support": 10905.0
  },
  "weighted avg": {
    "precision": 0.7637892841657359,
    "recall": 0.761852361302155,
    "f1-score": 0.7614157534722588,
    "support": 10905.0
  }
}