{
  "0": {
    "precision": 0.778755868544601,
    "recall": 0.7300568494406748,
    "f1-score": 0.7536204448651207,
    "support": 5453.0
  },
  "1": {
    "precision": 0.7459002244087692,
    "recall": 0.7925531914893617,
    "f1-score": 0.7685193419297466,
    "support": 5452.0
  },
  "accuracy": 0.7613021549747823,
  "macro avg": {
    "precision": 0.7623280464766851,
    "recall": 0.7613050204650182,
    "f1-score": 0.7610698933974336,
    "support": 10905.0
  },
  "weighted avg": {
    "precision": 0.7623295529252929,
    "recall": 0.7613021549747823,
    "f1-score": 0.7610692102751474,
    "support": 10905.0
  }
}