{
  "0": {
    "precision": 0.7805456702253856,
    "recall": 0.72400513478819,
    "f1-score": 0.751213014936733,
    "support": 5453.0
  },
  "1": {
    "precision": 0.7426030442962203,
    "recall": 0.7964049889948642,
    "f1-score": 0.7685635896982034,
    "support": 5452.0
  },
  "accuracy": 0.7602017423200367,
  "macro avg": {
    "precision": 0.7615743572608029,
    "recall": 0.760205061891527,
    "f1-score": 0.7598883023174682,
    "support": 10905.0
  },
  "weighted avg": {
    "precision": 0.7615760969502082,
    "recall": 0.7602017423200367,
    "f1-score": 0.7598875067844667,
    "support": 10905.0
  }
}